paper_title,publication_year,jcr_data_year,journal,impact_factor,jcr_category,quartile,rank,total_journals,percentile,source,verified_date
Reducing Plate Waste and Carbon Emissions in School Meal Services through Tray-Image Intake Sensing and Menu Optimization,2026, ,Journal of Cleaner Production,,,,,,,,
From Targeting Firms to Matching Interventions: Configuration-Aware Design of AI Readiness Interventions in a Manufacturing Cluster,2026, ,Technological Forecasting and Social Change,,,,,,,,
Matching model capacity to format constraints: a frugal architecture for container code identification on edge-oriented in port automation,2026, ,Engineering Applications of Artificial Intelligence,,,,,,,,
"Firm Size, Supply-chain Position and Readiness for Artificial Intelligence in Manufacturing Clusters",2026, ,Journal of Manufacturing Technology Management,,,,,,,,
Propagation-Aware Multi-Site PV Context Fusion with Imperfect Numerical Weather Prediction for Medium-Range PV Forecasting,2026, ,Engineering Applications of Artificial Intelligence,,,,,,,,
FEATHer: Fourier-Efficient Adaptive Temporal Hierarchy Forecaster for Time-Series Forecasting,2026, ,Journal of Manufacturing Systems,,,,,,,,
CF-JEPA: Mask-free forward prediction with asymmetric encoder utilization for time-series representation learning,2026, ,Knowledge-Based Systems,,,,,,,,
QIRP: Frequency-Accumulated Structured Pruning for Stable Quantization-Aware Model Compression,2026, ,IEEE Transactions on Industrial Informatics,,,,,,,,
"Artificial Intelligence-based Smart Port Logistics Metaverse for Enhancing Productivity, Environment, and Safety in Port Logistics: A Case Study of Busan Port",2026, ,IEEE Access,,,,,,,,
Ensemble Index Recording-Based Pruning for Enhancing Robustness of Edge AI Models in Smart Port Environments,2026, ,ICIC Express Letters,,,,,,,,
Bidirectional Causality between Arctic Sea Ice and Maritime Traffic: A Regional Analysis using ASTD Data,2026, ,ICIC Express Letters,,,,,,,,
Association of Cold Ischemic Time with Early and Long-Term Outcomes in a Nationwide Korean Heart Transplant Cohort,2026, ,Korean Circulation Journal,,,,,,,,
Legacy Learning Strategy Based on Few-Shot Font Generation Models for Automatic Text Design,2026, ,Information Processing & Management,,,,,,,,
Hemoglobin Threshold at First Red Blood Cell Transfusion and Mortality in Peripheral VA-ECMO: A Multicenter Cohort Study with Machine Learning Analysis,2026, ,Annals of Intensive Care,,,,,,,,
Distributed Lag Transformer based on Time-Variable-Aware Learning for Explainable Multivariate Time Series Forecasting,2026, ,IEEE Access,,,,,,,,
Hybrid Temporal Auto Encoder and Similarity Matching for Low Aggregation Level Long Time-Series Forecasting,2026, ,Journal of Forecasting,,,,,,,,
ST-Correlation Transformer-Based Hybrid Network for Spatiotemporal Forecasting of Arctic Marine Emissions,2026, ,ICIC Express Letters,,,,,,,,
How Will Arctic Shipping Emissions Evolve? A Spatiotemporal Topology-Aware Transformer Approach,2025, ,Transportation Research Part D,,,,,,,,
Deep Learning Framework for Regional Maritime Collision Risk Assessment using CNN and Grad-CAM,2025, ,Ocean Engineering,,,,,,,,
Trend-Fluctuation Correlated Attention Unit for Remaining Useful Life Prediction,2025, ,IEEE Access,,,,,,,,
Dual-dimensional Dependency Fusion Transformer for Long-Term Spatiotemporal Flow Prediction,2025, ,ICIC Express Letters,,,,,,,,
Temporal Feature Representation Learning for Time-Series Clustering with Variational Mode Decomposition,2024, ,ICIC Express Letters,,,,,,,,
Temporal Multi-features Representation Learning-Based Clustering for Time-Series Data,2024, ,IEEE Access,,,,,,,,
A robust eXplainable feature selection method based on Order Statistics,2024, ,ICIC Express Letters,,,,,,,,
Correlation Recurrent Units: A Novel Neural Architecture for Improving the Predictive Performance of Time Series Data,2023, ,IEEE TPAMI,,,,,,,,
Bagging Recurrent Event Imputation for Repair of Imperfect Event Log with Missing Categorical Events,2023, ,IEEE TSC,,,,,,,,
Deep Collaborative Learning Model for Port-Air Pollutants Prediction using Automatic Identification System,2022, ,Transportation Research Part D,,,,,,,,
Automatic Conversion of Event Data to Event Logs Using a CNN and Event Density Embedding,2022, ,IEEE Access,,,,,,,,
Hamstring stretching significantly changes the sitting biomechanics,2021, ,International Journal of Industrial Ergonomics,,,,,,,,
Vessel estimated time of arrival prediction system based on a path-finding algorithm,2021, ,Maritime Transport Research,,,,,,,,
Forecasting High-dimensional Multivariate Regression of Baltic Dry Index (BDI) Using Deep Neural Networks,2020, ,ICIC Express Letters,,,,,,,,
DERN: Deep Ensemble Learning Model for Short- and Long-Term Prediction of Baltic Dry Index,2020, ,Applied Sciences,,,,,,,,
Petri Nets Simulation for Operational Analysis Based on Process Data: An Overview,2018, ,ICIC Express Letters Part B,,,,,,,,
Statistical Verification of Process Model Conformance to Execution Log Considering Model Abstraction,2018, ,International Journal of Cooperative Information Systems,,,,,,,,
Statistical verification of process model fitness in process mining,2016, ,ICIC Express Letters Part B,,,,,,,,
Utilization of sequential data for machine learning in process control,2016, ,ICIC Express Letters,,,,,,,,
